id,name,age,city
1,Person 1,21,City 1
2,Person 2,22,City 2
3,Person 3,23,City 3
4,Person 4,24,City 4
5,Person 5,25,City 5
6,Person 6,26,City 6
7,Person 7,27,City 7
8,Person 8,28,City 8
9,Person 9,29,City 9
10,Person 10,30,City 0
11,Person 11,31,City 1
12,Person 12,32,City 2
13,Person 13,33,City 3
14,Person 14,34,City 4
15,Person 15,35,City 5
16,Person 16,36,City 6
17,Person 17,37,City 7
18,Person 18,38,City 8
19,Person 19,39,City 9
20,Person 20,40,City 0
21,Person 21,21,City 1
22,Person 22,22,City 2
23,Person 23,23,City 3
24,Person 24,24,City 4
25,Person 25,25,City 5
26,Person 26,26,City 6
27,Person 27,27,City 7
28,Person 28,28,City 8
29,Person 29,29,City 9
30,Person 30,30,City 0
31,Person 31,31,City 1
32,Person 32,32,City 2
33,Person 33,33,City 3
34,Person 34,34,City 4
35,Person 35,35,City 5
36,Person 36,36,City 6
37,Person 37,37,City 7
38,Person 38,38,City 8
39,Person 39,39,City 9
40,Person 40,40,City 0
41,Person 41,21,City 1
42,Person 42,22,City 2
43,Person 43,23,City 3
44,Person 44,24,City 4
45,Person 45,25,City 5
46,Person 46,26,City 6
47,Person 47,27,City 7
48,Person 48,28,City 8
49,Person 49,29,City 9
50,Person 50,30,City 0
51,Person 51,31,City 1
52,Person 52,32,City 2
53,Person 53,33,City 3
54,Person 54,34,City 4
55,Person 55,35,City 5
56,Person 56,36,City 6
57,Person 57,37,City 7
58,Person 58,38,City 8
59,Person 59,39,City 9
60,Person 60,40,City 0
61,Person 61,21,City 1
62,Person 62,22,City 2
63,Person 63,23,City 3
64,Person 64,24,City 4
65,Person 65,25,City 5
66,Person 66,26,City 6
67,Person 67,27,City 7
68,Person 68,28,City 8
69,Person 69,29,City 9
70,Person 70,30,City 0
71,Person 71,31,City 1
72,Person 72,32,City 2
73,Person 73,33,City 3
74,Person 74,34,City 4
75,Person 75,35,City 5
76,Person 76,36,City 6
77,Person 77,37,City 7
78,Person 78,38,City 8
79,Person 79,39,City 9
80,Person 80,40,City 0
81,Person 81,21,City 1
82,Person 82,22,City 2
83,Person 83,23,City 3
84,Person 84,24,City 4
85,Person 85,25,City 5
86,Person 86,26,City 6
87,Person 87,27,City 7
88,Person 88,28,City 8
89,Person 89,29,City 9
90,Person 90,30,City 0
91,Person 91,31,City 1
92,Person 92,32,City 2
93,Person 93,33,City 3
94,Person 94,34,City 4
95,Person 95,35,City 5
96,Person 96,36,City 6
97,Person 97,37,City 7
98,Person 98,38,City 8
99,Person 99,39,City 9
100,Person 100,40,City 0
